<?xml version="1.0" encoding="UTF-8"?>

<mule xmlns:apikit="http://www.mulesoft.org/schema/mule/apikit" xmlns:scripting="http://www.mulesoft.org/schema/mule/scripting" xmlns:json="http://www.mulesoft.org/schema/mule/json" xmlns:http="http://www.mulesoft.org/schema/mule/http"
	xmlns:dw="http://www.mulesoft.org/schema/mule/ee/dw"
	xmlns:tracking="http://www.mulesoft.org/schema/mule/ee/tracking" xmlns="http://www.mulesoft.org/schema/mule/core" xmlns:doc="http://www.mulesoft.org/schema/mule/documentation"
	xmlns:spring="http://www.springframework.org/schema/beans" 
	xmlns:xsi="http://www.w3.org/2001/XMLSchema-instance"
	xsi:schemaLocation="http://www.mulesoft.org/schema/mule/http http://www.mulesoft.org/schema/mule/http/current/mule-http.xsd
http://www.mulesoft.org/schema/mule/ee/dw http://www.mulesoft.org/schema/mule/ee/dw/current/dw.xsd
http://www.springframework.org/schema/beans http://www.springframework.org/schema/beans/spring-beans-current.xsd
http://www.mulesoft.org/schema/mule/core http://www.mulesoft.org/schema/mule/core/current/mule.xsd
http://www.mulesoft.org/schema/mule/ee/tracking http://www.mulesoft.org/schema/mule/ee/tracking/current/mule-tracking-ee.xsd
http://www.mulesoft.org/schema/mule/json http://www.mulesoft.org/schema/mule/json/current/mule-json.xsd
http://www.mulesoft.org/schema/mule/scripting http://www.mulesoft.org/schema/mule/scripting/current/mule-scripting.xsd
http://www.mulesoft.org/schema/mule/apikit http://www.mulesoft.org/schema/mule/apikit/current/mule-apikit.xsd">
  	<http:request-config name="HTTP_Access_Token_Request_Configuration" protocol="HTTPS" host="${github.api.access.token.host}" port="${github.api.access.token.port}"  doc:name="HTTP Request Configuration" tlsContext-ref="tls.context"/>
  	
 	<http:request-config name="HTTP_Operations_Request_Configuration"  host="${github.api.operations.host}" port="${github.api.operations.port}"  doc:name="HTTP Request Configuration" protocol="HTTPS" />
    <http:request-config name="HTTP_Request_Configuration_1" host="localhost" port="7777" doc:name="HTTP Request Configuration"/>
    <spring:beans>
        <spring:bean id="objectStore" class="org.mule.util.store.SimpleMemoryObjectStore"/>
    </spring:beans>
    <flow name="postAuthDetailsImplementation">
        <dw:transform-message doc:name="Transform Message">
            <dw:set-payload><![CDATA[%dw 1.0
%output application/java
---
payload]]></dw:set-payload>
        </dw:transform-message>
       <set-variable variableName="code" value="#[payload['authSettings']['code']]" doc:name="Set Code"/>
       <set-variable variableName="client_id" value="${github.app.client_id}" doc:name="Set ClientId"/>
       <set-variable variableName="client_secret" value="${github.app.client_secret}" doc:name="Set ClientSecret"/>
       
       <set-payload value="#[{'client_id':flowVars.client_id,'client_secret':flowVars.client_secret,'code':flowVars.code}]" doc:name="Create Access Token"/>
<http:request config-ref="HTTP_Access_Token_Request_Configuration" path="/login/oauth/access_token" method="POST"   doc:name="HTTP Github ACCESS TOKEN" host="${github.api.access.token.host}" port="${github.api.access.token.port}">
<http:failure-status-code-validator values="500..599"/></http:request>
        <dw:transform-message doc:name="Transform Message">
            <dw:set-payload><![CDATA[%dw 1.0
%output application/java
---
payload]]></dw:set-payload>
        </dw:transform-message>
   </flow>
    <flow name="postGithubHookFlow">
        <logger message="In Creating webhook #[payload]" level="DEBUG" doc:name="Logger"/>
        <dw:transform-message doc:name="Transform Message">
            <dw:set-payload><![CDATA[%dw 1.0
%output application/java
---
payload]]></dw:set-payload>
        </dw:transform-message>
        <set-payload value="#[payload['configJson']['notifications']['events']]" mimeType="application/json" doc:name="Set Payload"/>
        <json:object-to-json-transformer doc:name="Object to JSON"/>
        <logger message="event are #[payload]" level="INFO" doc:name="Logger"/>
        <choice doc:name="Choice to create array">
            <when expression="#[payload[0]!=&quot;[&quot;]">
                <set-variable variableName="notifications_events" value="[#[payload]]" doc:name="Set notifications_events"/>
            </when>
            <otherwise>
                <set-variable variableName="notifications_events" value="#[payload]" mimeType="application/json" doc:name="notifications_events"/>
            </otherwise>
        </choice>
        <set-variable variableName="data" value="{&quot;name&quot;:&quot;web&quot;,&quot;config&quot;:{&quot;url&quot;: &quot;https://${github.webhook.domain}/api/hooks/#[flowVars['uuid']]&quot;,&quot;content_type&quot;:&quot;json&quot;},&quot;active&quot;: true,&quot;events&quot;:#[flowVars['notifications_events']]}" doc:name="postbody"/>

        <set-payload value="#[data]" doc:name="Set Payload"/>
        <json:object-to-json-transformer doc:name="Object to JSON"/>
        <logger message="To generete webhook#[payload],${github.api.operations.host},${github.api.operations.port},,#[flowVars.accessToken],,,#[flowVars.repo_name]" level="INFO" doc:name="Logger"/>
        <http:request config-ref="HTTP_Operations_Request_Configuration" path="/repos/{repoName}/hooks" method="POST" host="${github.api.operations.host}" port="${github.api.operations.port}" doc:name="HTTP Creating Webhook for Github">
            <http:request-builder>
                <http:uri-param paramName="repoName" value="#[flowVars.repo_name]"/>
                <http:header headerName="Authorization" value="Bearer #[flowVars.accessToken]"/>
                <http:header headerName="Content-Type" value="application/json"/>

            </http:request-builder>
            <http:failure-status-code-validator values="500..599"/>

        </http:request>
        <echo-component doc:name="Echo"/>
        <dw:transform-message doc:name="Transform Message">
            <dw:set-payload><![CDATA[%dw 1.0
%output application/java
---
payload]]></dw:set-payload>
        </dw:transform-message>

    </flow>
    
    
    
    <flow name="deleteGithubHookFlow">
        <http:request config-ref="HTTP_Operations_Request_Configuration" path="/repos/#[flowVars.repo_name]/hooks/#[flowVars.hookId]" method="DELETE" host="${github.api.operations.host}" port="${github.api.operations.port}" doc:name="TO delete From HTTP">
            <http:request-builder>
                <http:uri-param paramName="hookId" value="#[flowVars.hookId]"/>
                <http:header headerName="Authorization" value="Bearer #[flowVars.accessToken]"/>

            </http:request-builder>
            <http:failure-status-code-validator values="500..599"/>

        </http:request>
        <echo-component doc:name="Echo"/>
        
        <dw:transform-message doc:name="Transform Response to Java">
            <dw:set-payload resource="classpath:dwScripts/fromPayloadToJava.dwl"/>
        </dw:transform-message>

    </flow>
    
    <flow name="updateGithubHookFlow">

        <set-payload value="#[flowVars['config']['notifications']['events']]" doc:name="Set Payload"/>
        <json:object-to-json-transformer doc:name="Object to JSON"/>
        <logger message="Events for update #[payload]" level="INFO" doc:name="Logger"/>
        <choice doc:name="Choice">
            <when expression="#[payload[0]!=&quot;[&quot;]">
                <set-variable variableName="notifications_events" value="[#[payload]]" doc:name="Set notifications_events"/>
            </when>
            <otherwise>
                <set-variable variableName="notifications_events" value="#[payload]" mimeType="application/json" doc:name="Set Events"/>
            </otherwise>
        </choice>

        <set-variable variableName="data" value="{&quot;active&quot;: true,&quot;events&quot;:#[flowVars['notifications_events']]}" doc:name="Set Postbody"/>
        <set-payload value="#[data]" doc:name="Set Webhook Data"/>
        <json:object-to-json-transformer doc:name="Object to JSON"/>
        <http:request config-ref="HTTP_Operations_Request_Configuration" path="/repos/#[flowVars.repo_name]/hooks/#[flowVars.hookId]" method="PATCH" host="${github.api.operations.host}" port="${github.api.operations.port}" doc:name="To Update Github Repositry">
            <http:request-builder>
                <http:uri-param paramName="repoName" value="#[flowVars.repo_name]"/>
                <http:uri-param paramName="hookId" value="#[flowVars.hookId]"/>
                <http:header headerName="Authorization" value="Bearer #[flowVars.accessToken]"/>
                <http:header headerName="Content-Type" value="application/json"/>

            </http:request-builder>
            <http:failure-status-code-validator values="400..599"/>

        </http:request>
        <echo-component doc:name="Echo"/>
        <dw:transform-message doc:name="Transform Message">
            <dw:set-payload><![CDATA[%dw 1.0
%output application/java
---
payload]]></dw:set-payload>
        </dw:transform-message>

    </flow>
    <flow name="GithubUserDetails">
        <logger message="Getting UserDetailsFlow" level="INFO" doc:name="Logger"/>
        <http:request config-ref="HTTP_Operations_Request_Configuration" path="/user" method="GET" host="api.github.com" port="443" doc:name="HTTP GET GITHUB OWNER">
                <http:request-builder>
                <http:header headerName="Authorization" value="Bearer #[flowVars['github_access_token']]"/>
                </http:request-builder>
                <http:success-status-code-validator values="0..599"/>
            </http:request>
        <dw:transform-message doc:name="Transform Message">
            <dw:set-payload><![CDATA[%dw 1.0
%output application/java
---
payload]]></dw:set-payload>
        </dw:transform-message>
    </flow>
    <flow name="GetGithubRepositoriesFlow">
        <logger message="Getting Repository Details Flow" level="INFO" doc:name="Logger"/>
        <http:request config-ref="HTTP_Operations_Request_Configuration" path="/user/repos" method="GET" host="api.github.com" port="443" doc:name="HTTP GET GITHUB REPOS">
            <http:request-builder>
                <http:query-param paramName="per_page" value="100"/>
                <http:query-param paramName="page" value="#[flowVars['pageValues']]"/>
                <http:header headerName="Authorization" value="Bearer #[flowVars['github_access_token']]"/>
            </http:request-builder>
            <http:success-status-code-validator values="0..599"/>
        </http:request>
        <logger message="payload after:: #[message.payloadAs(java.lang.String)]" level="INFO" doc:name="Logger"/>
        <set-variable variableName="repoListHeader" value="#[message.inboundProperties.'Link']" doc:name="Variable"/>
        <set-variable variableName="pageValues" value="#[message.inboundProperties.'Link']" doc:name="Variable"/>
        <choice doc:name="Choice">
            <when expression="#[flowVars['pageValues']!=null]">
                <expression-component doc:name="Expression"><![CDATA[payload=payload.toString().replace('[','').replace(']','');
flowVars['pageValues']=flowVars['pageValues'].toString().split('>;')[0].split('page')[2].replace('=','');
flowVars['repoListHeader']=flowVars['repoListHeader'].toString().split('rel')[1].split(',')[0].replace('"','').replace('=','');
flowVars['repoDetails'].add(payload)]]></expression-component>
        <choice doc:name="Choice">
            <when expression="#[flowVars['repoListHeader'] =='next']">
                <flow-ref name="GetGithubRepositoriesFlow" doc:name="GetGithubRepositoriesFlow"/>
            </when>
            <otherwise>
                <logger message="It reached the maximum repos" level="INFO" doc:name="Logger"/>
            </otherwise>
        </choice>
    </when>
    <otherwise>
        <expression-component doc:name="Expression"><![CDATA[payload=payload.toString().replace('[','').replace(']','');
flowVars['repoDetails'].add(payload)]]></expression-component>
    </otherwise>
</choice>

    </flow>
    <flow name="github-For-EnterPrise">
        <logger message="In Manual webhook flow" level="INFO" doc:name="Logger"/>
        <set-variable variableName="instanceUuid" value="#[function:uuid]" doc:name="InstanceUuid"/>
        <set-variable variableName="WebhookUrl" value="https://${github.enterprise.webhook.domain}/api/hooks/#[flowVars['instanceUuid']]" doc:name="Webhook Url"/>
        <logger message="The Webhook Url is #[flowVars['WebhookUrl']], The instanceUuid is #[flowVars['instanceUuid']]" level="INFO" doc:name="Logger"/>
        <dw:transform-message doc:name="Transform Message">
            <dw:set-payload><![CDATA[%dw 1.0
%output application/java
---
{
	"webhookUrl":flowVars['WebhookUrl'],
	"instanceUuid":flowVars['instanceUuid']
}]]></dw:set-payload>
        </dw:transform-message>
    </flow>

</mule>
