{
	"channelId": "Y2lzY29zcGFyazovL3VzL1JPT00vNDkxZTY0OGUtOWVjNC0zOTYwLTgyMDMtNzNmN2UxMjY1OWIy",
	"integrationId": "Y2lzY29zcGFyazovL3VzL0FQUExJQ0FUSU9OL2UyMzcwN2U2LTAxMDEtNDJhZS05ZDJjLTEwNmExZmE5MjM5ZQ",
	"status": "ACTIVE",
	"userId": "Y2lzY29zcGFyazovL3VzL1BFT1BMRS8yYTA0YzVkMy0yNGJjLTQ1ZWItYmQzYS05ZDU1OGRmMmZhMjI",
	"messageFormat": "GitHub Bot :Hello...User",
	"instance_id": "5592",
	"repo_name_old": "harisheidiko/testrepo123",
	"room_id_old": "Y2lzY29zcGFyazovL3VzL1JPT00vNDkxZTY0OGUtOWVjNC0zOTYwLTgyMDMtNzNmN2UxMjY1OWIy",
	"room_modified": false,
	"repo_modified": true,
	"instanceUuid": "cc642be0-83f2-11e6-937e-0a32941dfd91",
	"configJson": {
		"repo_id": "60165007",
		"repo_name": "harisheidiko/test_repo",
		"displayName": "Github1",
		"notifications": {
			"events": "create"
		},
		"webhookUuid": 10067706
	}
}